{"min": [-0.083827, -0.056604, -0.003188], "max": [0.018258, 0.003499, 0.080355]}