{"min": [-0.438293, -0.805731, -0.465629], "max": [0.420557, 0.72019, 0.456524]}