{"min": [-0.067349, -0.029226, -0.000532], "max": [0.049635, 0.063905, 0.080771]}