{"min": [-0.994399, -0.425644, -0.182823], "max": [0.99503, 0.941494, 0.230311]}