{"min": [-0.138059, -0.08317, -0.003173], "max": [0.046148, 0.104345, 0.05412]}