{"min": [-0.567957, -0.777219, -0.48182], "max": [0.53958, 0.754874, 0.514963]}