{"min": [-0.043124, 0.050146, 7.9e-05], "max": [0.024787, 0.117889, 0.101934]}