{"min": [-0.048785, -0.09616, -0.003243], "max": [0.023015, 0.067876, 0.210194]}