{"min": [-0.586892, -0.842534, -0.569739], "max": [0.564714, 0.891925, 0.581868]}