{"min": [-0.067477, -0.058799, -0.000545], "max": [0.021927, 0.042309, 0.029529]}