{"min": [-0.038018, -0.064823, -0.000362], "max": [0.058062, 0.136701, 0.015309]}