{"min": [-0.068313, -0.060949, -0.000187], "max": [0.034216, 0.041428, 0.13999]}