{"min": [-0.07288, -0.02214, -0.000452], "max": [0.029553, 0.045559, 0.250128]}