{"min": [-0.435156, -0.88811, -0.077158], "max": [0.475171, 0.837829, 0.080702]}