{"min": [-0.042995, -0.096567, -0.000407], "max": [0.065947, 0.08188, 0.036333]}